<?xml version="1.0" encoding="UTF-8"?>
<project-private xmlns="http://www.netbeans.org/ns/project-private/1">
    <editor-bookmarks xmlns="http://www.netbeans.org/ns/editor-bookmarks/2" lastBookmarkId="0"/>
    <open-files xmlns="http://www.netbeans.org/ns/projectui-open-files/2">
        <group>
            <file>file:/D:/Instituto/ED/Unidad-4/Act3/JUnit-Sample/test/Sample/VectorsJUnit5Test.java</file>
            <file>file:/D:/Instituto/ED/Unidad-4/Act3/JUnit-Sample/test/Sample/UtilsJUnit3Test.java</file>
        </group>
    </open-files>
</project-private>
